Genotype,Year,Location,Experiment,Species,PlantID_ReplicateNumber,Plot,Replicate,Test_Type,Tester_Name,Planting_Date,Testing_Date,raw_data_file,Additional_Notes,line_raw_slope_N.m,SMURF_Name,X
6M502,2021,Newark,55&Friends,Maize,763-6,763,6,A,JR,5/20/21,9/27/21,763-6_09_27_2021_15_40_40.xls,NA,2371.21299,,NA
6M502,2021,Newark,55&Friends,Maize,1107-3,1107,3,A,JR,5/20/21,9/28/21,1107-3_09_28_2021_13_35_04.xls,NA,3134.17306,,NA
6M502,2020,Newark,55&Friends,Maize,213-2,213,2,A,jr,6/1/20,10/7/20,213-2_10_07_2020_14_58_08.xls,NA,2133.44634,,NA
6M502,2020,Newark,55&Friends,Maize,213-3,213,3,A,jr,6/1/20,10/7/20,213-3_10_07_2020_15_00_21.xls,NA,2151.95848,,NA
6M502,2021,Newark,55&Friends,Maize,1114-7,1114,7,A,JR,5/20/21,9/28/21,1114-7_09_28_2021_13_38_01.xls,NA,2067.96537,,NA
6M502,2021,Newark,55&Friends,Maize,1107-2,1107,2,A,JR,5/20/21,9/28/21,1107-2_09_28_2021_13_35_51.xls,NA,2376.832,,NA
6M502,2021,Newark,55&Friends,Maize,1114-3,1114,3,A,JR,5/20/21,9/28/21,1114-3_09_28_2021_13_37_06.xls,NA,3465.32276,,NA
6M502,2021,Newark,55&Friends,Maize,763-2,763,2,A,JR,5/20/21,9/27/21,763-2_09_27_2021_15_39_23.xls,NA,2280.48123,,NA
6M502,2021,Newark,55&Friends,Maize,762-3,762,3,A,JR,5/20/21,9/27/21,762-3_09_27_2021_15_37_26.xls,NA,2769.66741,,NA
6M502,2020,Newark,55&Friends,Maize,213-1,213,1,A,jr,6/1/20,10/7/20,213-1_10_07_2020_14_56_25.xls,NA,2895.53713,,NA
6M502,2021,Newark,55&Friends,Maize,762-4,762,4,A,JR,5/20/21,9/27/21,762-4_09_27_2021_15_38_17.xls,NA,2433.47937,,NA
A632,2021,Newark,55&Friends,Maize,1094-5,1094,5,A,JR,5/20/21,9/28/21,1094-5_09_28_2021_14_26_49.xls,NA,4004.63847,,NA
A632,2021,Newark,55&Friends,Maize,647-7,647,7,A,JR,5/20/21,9/27/21,647-7_09_27_2021_15_10_41.xls,NA,4140.53791,,NA
A632,2021,Newark,55&Friends,Maize,1094-3,1094,3,A,JR,5/20/21,9/28/21,1094-3_09_28_2021_14_25_52.xls,NA,3384.63117,,NA
A632,2021,Newark,55&Friends,Maize,1127-5,1127,5,A,JR,5/20/21,9/28/21,1127-5_09_28_2021_14_28_54.xls,NA,4302.82689,,NA
A632,2021,Newark,55&Friends,Maize,646-2,646,2,A,JR,5/20/21,9/27/21,646-2_09_27_2021_15_07_35.xls,NA,2202.665,,NA
A632,2021,Newark,55&Friends,Maize,646-4,646,4,A,JR,5/20/21,9/27/21,646-4_09_27_2021_15_08_38.xls,NA,2032.85871,,NA
A632,2021,Newark,55&Friends,Maize,1127-4,1127,4,A,JR,5/20/21,9/28/21,1127-4_09_28_2021_14_27_57.xls,NA,4947.5269,,NA
A632,2021,Newark,55&Friends,Maize,647-6,647,6,A,JR,5/20/21,9/27/21,647-6_09_27_2021_15_09_46.xls,NA,4273.8243,,NA
B104,2020,Newark,55&Friends,Maize,212-2,212,2,A,jr,6/1/20,10/7/20,212-2_10_07_2020_14_51_22.xls,NA,1365.26713,,NA
B104,2021,Newark,55&Friends,Maize,1006-8,1006,8,A,JR,5/20/21,9/28/21,1006-8_09_28_2021_12_18_11.xls,NA,2733.77145,,NA
B104,2020,Newark,55&Friends,Maize,212-1,212,1,A,jr,6/1/20,10/7/20,212-1_10_07_2020_14_48_27.xls,NA,4593.2544,,NA
B104,2020,Newark,55&Friends,Maize,212-3,212,3,A,jr,6/1/20,10/7/20,212-3_10_07_2020_14_53_50.xls,NA,4410.84685,,NA
B104,2021,Newark,55&Friends,Maize,983-2,983,2,A,JR,5/20/21,9/28/21,983-2_09_28_2021_12_17_00.xls,NA,4244.86,,NA
B104,2021,Newark,55&Friends,Maize,983-3,983,3,A,JR,5/20/21,9/28/21,983-3_09_28_2021_12_15_56.xls,NA,6177.34662,,NA
B73,2021,Newark,55&Friends,Maize,742-6,742,6,A,JR,5/20/21,9/27/21,742-6_09_27_2021_16_54_32.xls,NA,2604.58979,,NA
B73,2021,Newark,55&Friends,Maize,654-3,654,3,A,JR,5/20/21,9/27/21,654-3_09_27_2021_14_39_16.xls,NA,4125.22297,,NA
B73,2021,Newark,55&Friends,Maize,654-4,654,4,A,JR,5/20/21,9/27/21,654-4_09_27_2021_14_38_13.xls,NA,3634.70158,,NA
B73,2021,Newark,55&Friends,Maize,1014-5,1014,5,A,JR,5/20/21,9/28/21,1014-5_09_28_2021_11_44_06.xls,NA,2987.91008,,NA
B73,2021,Newark,55&Friends,Maize,990-6,990,6,A,JR,5/20/21,9/28/21,990-6_09_28_2021_12_42_57.xls,NA,2629.21296,,NA
B73,2021,Newark,55&Friends,Maize,536-5,536,5,A,JR,5/20/21,9/27/21,536-5_09_27_2021_11_52_57.xls,NA,3202.0967,,NA
B73,2021,Newark,55&Friends,Maize,1014-6,1014,6,A,JR,5/20/21,9/28/21,1014-6_09_28_2021_11_44_53.xls,NA,4048.18582,,NA
B73,2021,Newark,55&Friends,Maize,999-6,999,6,A,JR,5/20/21,9/28/21,999-6 _09_28_2021_12_45_40.xls,NA,4269.989,,NA
B73,2021,Newark,55&Friends,Maize,639-6,639,6,A,JR,5/20/21,9/27/21,639-6_09_27_2021_14_35_36.xls,NA,2799.63143,,NA
B73,2021,Newark,55&Friends,Maize,1128-8,1128,8,A,JR,5/20/21,9/28/21,1128-8_09_28_2021_14_33_17.xls,NA,3369.27102,,NA
B73,2021,Newark,55&Friends,Maize,536-4,536,4,A,JR,5/20/21,9/27/21,536-4_09_27_2021_11_51_36.xls,NA,3697.73292,,NA
B73,2021,Newark,55&Friends,Maize,1093-5,1093,5,A,JR,5/20/21,9/28/21,1093-5_09_28_2021_14_31_15.xls,NA,3132.9891,,NA
B73,2021,Newark,55&Friends,Maize,975-4,975,4,A,JR,5/20/21,9/28/21,975-4_09_28_2021_11_43_06.xls,NA,4748.76128,,NA
B73,2021,Newark,55&Friends,Maize,975-3,975,3,A,JR,5/20/21,9/28/21,975-3_09_28_2021_11_42_19.xls,NA,3346.45074,,NA
B73,2021,Newark,55&Friends,Maize,783-5,783,5,A,JR,5/20/21,9/27/21,783-5_09_27_2021_16_56_37.xls,NA,3434.4547,,NA
B73,2021,Newark,55&Friends,Maize,783-4,783,4,A,JR,5/20/21,9/27/21,783-4_09_27_2021_16_55_35.xls,NA,2388.52379,,NA
B73,2021,Newark,55&Friends,Maize,999-5,999,5,A,JR,5/20/21,9/28/21,999-5_09_28_2021_12_44_50.xls,NA,5871.49811,,NA
B73,2021,Newark,55&Friends,Maize,525-6,525,6,A,JR,5/20/21,9/27/21,525-6_09_27_2021_11_49_19.xls,NA,4231.12015,,NA
B73,2021,Newark,55&Friends,Maize,990-4,990,4,A,JR,5/20/21,9/28/21,990-4_09_28_2021_12_43_44.xls,NA,4447.11313,,NA
B73,2021,Newark,55&Friends,Maize,1093-8,1093,8,A,JR,5/20/21,9/28/21,1093-8_09_28_2021_14_30_17.xls,NA,3140.47706,,NA
B73,2021,Newark,55&Friends,Maize,525-7,525,7,A,JR,5/20/21,9/27/21,525-7_09_27_2021_11_50_22.xls,NA,3387.02168,,NA
B73,2021,Newark,55&Friends,Maize,639-8,639,8,A,JR,5/20/21,9/27/21,639-8_09_27_2021_14_36_48.xls,NA,2269.75782,,NA
B73,2021,Newark,55&Friends,Maize,742-5,742,5,A,JR,5/20/21,9/27/21,742-5_09_27_2021_16_53_20.xls,NA,2721.13041,,NA
B73,2021,Newark,55&Friends,Maize,1128-7,1128,7,A,JR,5/20/21,9/28/21,1128-7_09_28_2021_14_32_23.xls,NA,3642.1426,,NA
B97,2021,Newark,55&Friends,Maize,868-6,868,6,A,JR,5/20/21,9/28/21,868-6_09_28_2021_10_53_50.xls,NA,3045.0077,,NA
B97,2020,Newark,55&Friends,Maize,135-1,135,1,A,jr,6/1/20,10/7/20,135-1_10_07_2020_13_35_31.xls,NA,3494.93385,,NA
B97,2021,Newark,55&Friends,Maize,889-7,889,7,A,JR,5/20/21,9/28/21,889-7_09_28_2021_10_55_56.xls,NA,3351.34651,,NA
B97,2021,Newark,55&Friends,Maize,527-4,527,4,A,JR,5/20/21,9/27/21,527-4_09_27_2021_11_40_16.xls,NA,3006.17187,,NA
B97,2021,Newark,55&Friends,Maize,868-7,868,7,A,JR,5/20/21,9/28/21,868-7_09_28_2021_10_52_58.xls,NA,3205.24348,,NA
B97,2020,Newark,55&Friends,Maize,135-3,135,3,A,jr,6/1/20,10/7/20,135-3_10_07_2020_13_39_37.xls,NA,1893.5743,,NA
B97,2021,Newark,55&Friends,Maize,534-7,534,7,A,JR,5/20/21,9/27/21,534-7_09_27_2021_11_42_39.xls,NA,3904.39507,,NA
B97,2021,Newark,55&Friends,Maize,527-3,527,3,A,JR,5/20/21,9/27/21,527-3_09_27_2021_11_39_17.xls,NA,1675.19081,,NA
B97,2020,Newark,55&Friends,Maize,135-2,135,2,A,jr,6/1/20,10/7/20,135-2_10_07_2020_13_37_19.xls,NA,2689.6017,,NA
B97,2021,Newark,55&Friends,Maize,534-6,534,6,A,JR,5/20/21,9/27/21,534-6_09_27_2021_11_41_24.xls,NA,3140.51357,,NA
B97,2021,Newark,55&Friends,Maize,889-4,889,4,A,JR,5/20/21,9/28/21,889-4_09_28_2021_10_54_55.xls,NA,5420.16029,,NA
CML103,2021,Newark,55&Friends,Maize,1111-4,1111,4,A,JR,5/20/21,9/28/21,1111-4_09_28_2021_13_25_27.xls,NA,2679.81363,,NA
CML103,2021,Newark,55&Friends,Maize,1111-5,1111,5,A,JR,5/20/21,9/28/21,1111-5_09_28_2021_13_24_28.xls,NA,2643.88811,,NA
CML103,2021,Newark,55&Friends,Maize,1110-2,1110,2,A,JR,5/20/21,9/28/21,1110-2_09_28_2021_13_23_16.xls,NA,1867.01612,,NA
CML103,2021,Newark,55&Friends,Maize,1110-3,1110,3,A,JR,5/20/21,9/28/21,1110-3_09_28_2021_13_22_21.xls,NA,1960.83729,,NA
CML228,2021,Newark,55&Friends,Maize,885-6,885,6,A,JR,5/20/21,9/28/21,885-6_09_28_2021_10_38_35.xls,NA,4360.88249,,NA
CML228,2021,Newark,55&Friends,Maize,540-11,540,11,A,JR,5/20/21,9/27/21,540-11_09_27_2021_12_42_17.xls,NA,6449.35587,,NA
CML228,2021,Newark,55&Friends,Maize,521-7,521,7,A,JR,5/20/21,9/27/21,521-7_09_27_2021_12_39_44.xls,NA,3978.76528,,NA
CML228,2021,Newark,55&Friends,Maize,872-6,872,6,A,JR,5/20/21,9/28/21,872-6_09_28_2021_10_36_24.xls,NA,4073.11845,,NA
CML228,2021,Newark,55&Friends,Maize,540-7,540,7,A,JR,5/20/21,9/27/21,540-7_09_27_2021_12_41_00.xls,NA,6144.29319,,NA
CML228,2021,Newark,55&Friends,Maize,872-4,872,4,A,JR,5/20/21,9/28/21,872-4_09_28_2021_10_35_30.xls,NA,5005.53035,,NA
CML228,2021,Newark,55&Friends,Maize,885-5,885,5,A,JR,5/20/21,9/28/21,885-5_09_28_2021_10_37_40.xls,NA,6682.04941,,NA
CML228,2021,Newark,55&Friends,Maize,521-4,521,4,A,JR,5/20/21,9/27/21,521-4_09_27_2021_12_38_33.xls,NA,4929.1469,,NA
CML247,2021,Newark,55&Friends,Maize,528-6,528,6,A,JR,5/20/21,9/27/21,528-6_09_27_2021_11_35_33.xls,NA,5482.62661,,NA
CML247,2021,Newark,55&Friends,Maize,861-7,861,7,A,JR,5/20/21,9/28/21,861-7_09_28_2021_11_22_55.xls,NA,6266.78489,,NA
CML247,2021,Newark,55&Friends,Maize,533-2,533,2,A,JR,5/20/21,9/27/21,533-2_09_27_2021_11_36_47.xls,NA,4449.32979,,NA
CML247,2021,Newark,55&Friends,Maize,528-5,528,5,A,JR,5/20/21,9/27/21,528-5_09_27_2021_11_34_39.xls,NA,3585.17533,,NA
CML247,2021,Newark,55&Friends,Maize,896-4,896,4,A,JR,5/20/21,9/28/21,896-4_09_28_2021_11_23_52.xls,NA,1958.0782,,NA
CML247,2021,Newark,55&Friends,Maize,896-5,896,5,A,JR,5/20/21,9/28/21,896-5_09_28_2021_11_24_47.xls,NA,4011.62572,,NA
CML247,2021,Newark,55&Friends,Maize,533-3,533,3,A,JR,5/20/21,9/27/21,533-3_09_27_2021_11_37_51.xls,NA,3960.4409,,NA
CML247,2021,Newark,55&Friends,Maize,861-5,861,5,A,JR,5/20/21,9/28/21,861-5_09_28_2021_11_21_55.xls,NA,5841.10468,,NA
CML277,2021,Newark,55&Friends,Maize,1007-7,1007,7,A,JR,5/20/21,9/28/21,1007-7_09_28_2021_12_14_26.xls,NA,4808.1886,,NA
CML277,2021,Newark,55&Friends,Maize,538-9,538,9,A,JR,5/20/21,9/27/21,538-9_09_27_2021_12_31_36.xls,NA,5389.13403,,NA
CML277,2021,Newark,55&Friends,Maize,523-6,523,6,A,JR,5/20/21,9/27/21,523-6_09_27_2021_12_30_14.xls,NA,4201.6864,,NA
CML277,2020,Newark,55&Friends,Maize,215-3,215,3,A,jr,6/1/20,10/7/20,215-3_10_07_2020_15_07_07.xls,NA,4674.79615,,NA
CML277,2021,Newark,55&Friends,Maize,523-5,523,5,A,JR,5/20/21,9/27/21,523-5_09_27_2021_12_28_46.xls,NA,4198.27014,,NA
CML277,2021,Newark,55&Friends,Maize,982-7,982,7,A,JR,5/20/21,9/28/21,982-7_09_28_2021_12_12_15.xls,NA,4761.91172,,NA
CML277,2021,Newark,55&Friends,Maize,538-10,538,10,A,JR,5/20/21,9/27/21,538-10_09_27_2021_12_32_28.xls,NA,5051.21612,,NA
CML277,2021,Newark,55&Friends,Maize,982-6,982,6,A,JR,5/20/21,9/28/21,982-6_09_28_2021_12_11_05.xls,NA,3953.17895,,NA
CML277,2021,Newark,55&Friends,Maize,1007-6,1007,6,A,JR,5/20/21,9/28/21,1007-6_09_28_2021_12_13_25.xls,NA,5607.18371,,NA
CML277,2020,Newark,55&Friends,Maize,215-2,215,2,A,jr,6/1/20,10/7/20,215-2_10_07_2020_15_05_03.xls,NA,5195.47106,,NA
CML277,2021,Newark,55&Friends,Maize,523-4,523,4,A,JR,5/20/21,9/27/21,523-4_09_27_2021_12_27_14.xls,NA,5525.66978,,NA
CML277,2020,Newark,55&Friends,Maize,215-1,215,1,A,jr,6/1/20,10/7/20,215-1_10_07_2020_15_02_34.xls,NA,4245.79704,,NA
CML322,2021,Newark,55&Friends,Maize,880-3,880,3,A,JR,5/20/21,9/28/21,880-3_09_28_2021_10_16_59.xls,NA,2810.06276,,NA
CML322,2021,Newark,55&Friends,Maize,877-5,877,5,A,JR,5/20/21,9/28/21,877-5_09_28_2021_10_15_08.xls,NA,5250.52939,,NA
CML322,2021,Newark,55&Friends,Maize,663-5,663,5,A,JR,5/20/21,9/27/21,663-5_09_27_2021_14_00_26.xls,NA,4164.01885,,NA
CML322,2021,Newark,55&Friends,Maize,880-2,880,2,A,JR,5/20/21,9/28/21,880-2_09_28_2021_10_16_01.xls,NA,3224.83179,,NA
CML322,2021,Newark,55&Friends,Maize,877-4,877,4,A,JR,5/20/21,9/28/21,877-4_09_28_2021_10_14_18.xls,NA,4294.44358,,NA
CML322,2021,Newark,55&Friends,Maize,630-8,630,8,A,JR,5/20/21,9/27/21,630-8_09_27_2021_13_58_16.xls,NA,1803.50145,,NA
CML322,2021,Newark,55&Friends,Maize,663-4,663,4,A,JR,5/20/21,9/27/21,663-4_09_27_2021_13_59_29.xls,NA,3529.13646,,NA
CML322,2021,Newark,55&Friends,Maize,630-7,630,7,A,JR,5/20/21,9/27/21,630-7_09_27_2021_13_57_09.xls,NA,3192.1313,,NA
CML333,2021,Newark,55&Friends,Maize,898-9,898,9,A,JR,5/20/21,9/28/21,898-9_09_28_2021_11_32_51.xls,NA,3559.26737,,NA
CML333,2021,Newark,55&Friends,Maize,551-11,551,11,A,JR,5/20/21,9/27/21,551-11_09_27_2021_13_36_59.xls,NA,4074.42932,,NA
CML333,2021,Newark,55&Friends,Maize,859-12,859,12,A,JR,5/20/21,9/28/21,859-12_09_28_2021_11_30_54.xls,NA,3455.7468,,NA
CML333,2021,Newark,55&Friends,Maize,898-8,898,8,A,JR,5/20/21,9/28/21,898-8_09_28_2021_11_31_57.xls,NA,1754.72105,,NA
CML333,2021,Newark,55&Friends,Maize,859-11,859,11,A,JR,5/20/21,9/28/21,859-11_09_28_2021_11_29_56.xls,NA,5607.7401,,NA
CML333,2021,Newark,55&Friends,Maize,510-8,510,8,A,JR,5/20/21,9/27/21,510-8_09_27_2021_13_34_34.xls,NA,650.957075,,NA
CML333,2021,Newark,55&Friends,Maize,551-9,551,9,A,JR,5/20/21,9/27/21,551-9_09_27_2021_13_35_51.xls,NA,2723.00283,,NA
CML52,2021,Newark,55&Friends,Maize,651-3,651,3,A,JR,5/20/21,9/27/21,651-3_09_27_2021_14_53_18.xls,NA,5173.24362,,NA
CML52,2021,Newark,55&Friends,Maize,1115-6,1115,6,A,JR,5/20/21,9/28/21,1115-6_09_28_2021_13_41_32.xls,NA,3925.635,,NA
CML52,2021,Newark,55&Friends,Maize,1106-6,1106,6,A,JR,5/20/21,9/28/21,1106-6_09_28_2021_13_39_17.xls,NA,5323.99903,,NA
CML52,2021,Newark,55&Friends,Maize,1115-8,1115,8,A,JR,5/20/21,9/28/21,1115-8_09_28_2021_13_42_37.xls,NA,5869.74913,,NA
CML52,2021,Newark,55&Friends,Maize,651-5,651,5,A,JR,5/20/21,9/27/21,651-5_09_27_2021_14_52_03.xls,NA,4888.7811,,NA
CML52,2021,Newark,55&Friends,Maize,1106-7,1106,7,A,JR,5/20/21,9/28/21,1106-7_09_28_2021_13_40_19.xls,NA,6968.45043,,NA
CML52,2021,Newark,55&Friends,Maize,642-8,642,8,A,JR,5/20/21,9/27/21,642-8_09_27_2021_14_51_00.xls,NA,5769.82562,,NA
CML52,2021,Newark,55&Friends,Maize,642-6,642,6,A,JR,5/20/21,9/27/21,642-6_09_27_2021_14_49_50.xls,NA,4840.54312,,NA
CML69,2021,Newark,55&Friends,Maize,545-9,545,9,A,JR,5/20/21,9/27/21,545-9_09_27_2021_13_08_31.xls,NA,5719.33796,,NA
CML69,2021,Newark,55&Friends,Maize,864-2,864,2,A,JR,5/20/21,9/28/21,864-2_09_28_2021_11_09_31.xls,NA,4576.81114,,NA
CML69,2021,Newark,55&Friends,Maize,516-5,516,5,A,JR,5/20/21,9/27/21,516-5_09_27_2021_13_04_42.xls,NA,4864.62039,,NA
CML69,2021,Newark,55&Friends,Maize,516-6,516,6,A,JR,5/20/21,9/27/21,516-6_09_27_2021_13_06_01.xls,NA,3640.73263,,NA
CML69,2021,Newark,55&Friends,Maize,864-4,864,4,A,JR,5/20/21,9/28/21,864-4_09_28_2021_11_08_26.xls,NA,3427.36139,,NA
CML69,2021,Newark,55&Friends,Maize,893-8,893,8,A,JR,5/20/21,9/28/21,893-8_09_28_2021_11_10_49.xls,NA,2927.06758,,NA
CML69,2021,Newark,55&Friends,Maize,893-15,893,15,A,JR,5/20/21,9/28/21,893-15_09_28_2021_11_12_02.xls,NA,5261.86999,,NA
CML69,2021,Newark,55&Friends,Maize,545-8,545,8,A,JR,5/20/21,9/27/21,545-8_09_27_2021_13_07_29.xls,NA,5099.06987,,NA
F118,2021,Newark,55&Friends,Maize,892-3,892,3,A,JR,5/20/21,9/28/21,892-3_09_28_2021_11_06_42.xls,NA,2719.81085,,NA
F118,2021,Newark,55&Friends,Maize,631-7,631,7,A,JR,5/20/21,9/27/21,631-7_09_27_2021_14_01_39.xls,NA,2740.4475,,NA
F118,2021,Newark,55&Friends,Maize,865-3,865,3,A,JR,5/20/21,9/28/21,865-3_09_28_2021_11_05_24.xls,NA,3269.60309,,NA
F118,2021,Newark,55&Friends,Maize,865-2,865,2,A,JR,5/20/21,9/28/21,865-2_09_28_2021_11_04_25.xls,NA,3157.40886,,NA
F118,2021,Newark,55&Friends,Maize,662-7,662,7,A,JR,5/20/21,9/27/21,662-7_09_27_2021_14_04_44.xls,NA,3203.00249,,NA
F118,2021,Newark,55&Friends,Maize,892-5,892,5,A,JR,5/20/21,9/28/21,892-5_09_28_2021_11_07_27.xls,NA,4147.83289,,NA
F118,2021,Newark,55&Friends,Maize,662-5,662,5,A,JR,5/20/21,9/27/21,662-5_09_27_2021_14_03_36.xls,NA,3591.29157,,NA
F118,2021,Newark,55&Friends,Maize,631-6,631,6,A,JR,5/20/21,9/27/21,631-6_09_27_2021_14_02_38.xls,NA,2126.47821,,NA
GT112,2021,Newark,55&Friends,Maize,977-5,977,5,A,JR,5/20/21,9/28/21,977-5_09_28_2021_11_51_01.xls,NA,5648.38923,,NA
GT112,2021,Newark,55&Friends,Maize,977-4,977,4,A,JR,5/20/21,9/28/21,977-4_09_28_2021_11_50_12.xls,NA,6281.50003,,NA
GT112,2021,Newark,55&Friends,Maize,645-4,645,4,A,JR,5/20/21,9/27/21,645-4_09_27_2021_15_03_48.xls,NA,6155.96238,,NA
GT112,2021,Newark,55&Friends,Maize,1012-8,1012,8,A,JR,5/20/21,9/28/21,1012-8_09_28_2021_11_53_00.xls,NA,3983.38288,,NA
GT112,2021,Newark,55&Friends,Maize,645-5,645,5,A,JR,5/20/21,9/27/21,645-5_09_27_2021_15_02_59.xls,NA,3902.75387,,NA
GT112,2021,Newark,55&Friends,Maize,648-5,648,5,A,JR,5/20/21,9/27/21,648-5_09_27_2021_15_06_01.xls,NA,4960.94856,,NA
GT112,2021,Newark,55&Friends,Maize,648-3,648,3,A,JR,5/20/21,9/27/21,648-3_09_27_2021_15_05_04.xls,NA,6305.38083,,NA
GT112,2021,Newark,55&Friends,Maize,1012-6,1012,6,A,JR,5/20/21,9/28/21,1012-6_09_28_2021_11_52_04.xls,NA,5369.66046,,NA
Hickory King,2021,Newark,55&Friends,Maize,1103-7,1103,7,A,JR,5/20/21,9/28/21,1103-7_09_28_2021_13_47_48.xls,NA,6071.69805,,NA
Hickory King,2021,Newark,55&Friends,Maize,1118-7,1118,7,A,JR,5/20/21,9/28/21,1118-7_09_28_2021_13_51_08.xls,NA,4619.0598,,NA
Hickory King,2021,Newark,55&Friends,Maize,1118-6,1118,6,A,JR,5/20/21,9/28/21,1118-6_09_28_2021_13_50_13.xls,NA,7404.68541,,NA
Hickory King,2021,Newark,55&Friends,Maize,767-5,767,5,A,JR,5/20/21,9/27/21,767-5_09_27_2021_15_53_51.xls,NA,5446.45943,,NA
Hickory King,2021,Newark,55&Friends,Maize,758-7,758,7,A,JR,5/20/21,9/27/21,758-7_09_27_2021_15_52_43.xls,NA,3700.30772,,NA
Hickory King,2021,Newark,55&Friends,Maize,767-11,767,11,A,JR,5/20/21,9/27/21,767-11_09_27_2021_15_54_55.xls,NA,6023.55743,,NA
Hickory King,2021,Newark,55&Friends,Maize,1103-9,1103,9,A,JR,5/20/21,9/28/21,1103-9_09_28_2021_13_48_53.xls,NA,3230.37953,,NA
Hickory King,2021,Newark,55&Friends,Maize,758-5,758,5,A,JR,5/20/21,9/27/21,758-5_09_27_2021_15_51_48.xls,NA,6100.0991,,NA
Hp301,2021,Newark,55&Friends,Maize,899-5,899,5,A,JR,5/20/21,9/28/21,899-5_09_28_2021_11_35_47.xls,NA,1812.35244,,NA
Hp301,2021,Newark,55&Friends,Maize,658-9,658,9,A,JR,5/20/21,9/27/21,658-9_09_27_2021_14_20_15.xls,NA,1803.27718,,NA
Hp301,2021,Newark,55&Friends,Maize,899-7,899,7,A,JR,5/20/21,9/28/21,899-7_09_28_2021_11_36_50.xls,NA,3003.49624,,NA
Hp301,2021,Newark,55&Friends,Maize,858-7,858,7,A,JR,5/20/21,9/28/21,858-7_09_28_2021_11_34_49.xls,NA,2511.93171,,NA
Hp301,2021,Newark,55&Friends,Maize,635-9,635,9,A,JR,5/20/21,9/27/21,635-9_09_27_2021_14_18_14.xls,NA,2306.6204,,NA
Hp301,2021,Newark,55&Friends,Maize,658-6,658,6,A,JR,5/20/21,9/27/21,658-6_09_27_2021_14_19_22.xls,NA,1749.80441,,NA
Hp301,2021,Newark,55&Friends,Maize,858-6,858,6,A,JR,5/20/21,9/28/21,858-6_09_28_2021_11_34_01.xls,NA,2910.15664,,NA
Hp301,2021,Newark,55&Friends,Maize,635-6,635,6,A,JR,5/20/21,9/27/21,635-6_09_27_2021_14_16_56.xls,NA,1483.81926,,NA
Ki11,2021,Newark,55&Friends,Maize,782-5,782,5,A,JR,5/20/21,9/27/21,782-5_09_27_2021_16_50_40.xls,NA,3556.52741,,NA
Ki11,2021,Newark,55&Friends,Maize,1100-4,1100,4,A,JR,5/20/21,9/28/21,1100-4_09_28_2021_13_59_40.xls,NA,5813.2252,,NA
Ki11,2021,Newark,55&Friends,Maize,782-8,782,8,A,JR,5/20/21,9/27/21,782-8_09_27_2021_16_52_03.xls,NA,3758.50589,,NA
Ki11,2021,Newark,55&Friends,Maize,743-4,743,4,A,JR,5/20/21,9/27/21,743-4_09_27_2021_16_47_54.xls,NA,6321.39293,,NA
Ki11,2021,Newark,55&Friends,Maize,1121-8,1121,8,A,JR,5/20/21,9/28/21,1121-8_09_28_2021_14_02_43.xls,NA,6461.56227,,NA
Ki11,2021,Newark,55&Friends,Maize,743-6,743,6,A,JR,5/20/21,9/27/21,743-6_09_27_2021_16_49_07.xls,NA,7385.45698,,NA
Ki11,2021,Newark,55&Friends,Maize,1121-4,1121,4,A,JR,5/20/21,9/28/21,1121-4_09_28_2021_14_01_50.xls,NA,7635.44916,,NA
Ki11,2021,Newark,55&Friends,Maize,1100-6,1100,6,A,JR,5/20/21,9/28/21,1100-6_09_28_2021_14_00_47.xls,NA,3882.94303,,NA
Ki3,2021,Newark,55&Friends,Maize,1090-6,1090,6,A,JR,5/20/21,9/28/21,1090-6_09_28_2021_14_45_01.xls,NA,6346.3725,,NA
Ki3,2021,Newark,55&Friends,Maize,1090-5,1090,5,A,JR,5/20/21,9/28/21,1090-5_09_28_2021_14_44_15.xls,NA,4216.37894,,NA
Ki3,2021,Newark,55&Friends,Maize,746-6,746,6,A,JR,5/20/21,9/27/21,746-6_09_27_2021_16_34_53.xls,NA,3673.00197,,NA
Ki3,2021,Newark,55&Friends,Maize,1131-7,1131,7,A,JR,5/20/21,9/28/21,1131-7_09_28_2021_14_47_44.xls,NA,4574.3876,,NA
Ki3,2021,Newark,55&Friends,Maize,1131-6,1131,6,A,JR,5/20/21,9/28/21,1131-6_09_28_2021_14_46_32.xls,NA,4686.9921,,NA
Ki3,2020,Newark,55&Friends,Maize,204-2,204,2,A,jr,6/1/20,10/7/20,204-2_10_07_2020_14_27_50.xls,NA,4183.45416,,NA
Ki3,2021,Newark,55&Friends,Maize,779-7,779,7,A,JR,5/20/21,9/27/21,779-7_09_27_2021_16_38_06.xls,NA,2287.89096,,NA
Ki3,2020,Newark,55&Friends,Maize,204-1,204,1,A,jr,6/1/20,10/7/20,204-1_10_07_2020_14_25_21.xls,NA,5681.39745,,NA
Ki3,2021,Newark,55&Friends,Maize,779-4,779,4,A,JR,5/20/21,9/27/21,779-4_09_27_2021_16_37_08.xls,NA,3975.66717,,NA
Ki3,2021,Newark,55&Friends,Maize,746-8,746,8,A,JR,5/20/21,9/27/21,746-8_09_27_2021_16_35_56.xls,NA,4755.34519,,NA
Ky21,2021,Newark,55&Friends,Maize,884-6,884,6,A,JR,5/20/21,9/28/21,884-6_09_28_2021_10_33_12.xls,NA,2285.87945,,NA
Ky21,2021,Newark,55&Friends,Maize,518-3,518,3,A,JR,5/20/21,9/27/21,518-3_09_27_2021_12_54_14.xls,NA,1506.06061,,NA
Ky21,2021,Newark,55&Friends,Maize,884-8,884,8,A,JR,5/20/21,9/28/21,884-8_09_28_2021_10_33_58.xls,NA,1941.59495,,NA
Ky21,2021,Newark,55&Friends,Maize,873-7,873,7,A,JR,5/20/21,9/28/21,873-7_09_28_2021_10_32_09.xls,NA,2241.83313,,NA
Ky21,2021,Newark,55&Friends,Maize,543-10,543,10,A,JR,5/20/21,9/27/21,543-10_09_27_2021_12_58_09.xls,NA,2412.12817,,NA
Ky21,2021,Newark,55&Friends,Maize,543-8,543,8,A,JR,5/20/21,9/27/21,543-8_09_27_2021_12_56_55.xls,NA,1763.11654,,NA
Ky21,2021,Newark,55&Friends,Maize,518-5,518,5,A,JR,5/20/21,9/27/21,518-5_09_27_2021_12_55_27.xls,NA,2050.42334,,NA
Ky21,2021,Newark,55&Friends,Maize,873-6,873,6,A,JR,5/20/21,9/28/21,873-6_09_28_2021_10_31_08.xls,NA,2233.65671,,NA
L163,2021,Newark,55&Friends,Maize,751-5,751,5,A,JR,5/20/21,9/27/21,751-5_09_27_2021_16_14_00.xls,NA,2975.58024,,NA
L163,2021,Newark,55&Friends,Maize,1011-7,1011,7,A,JR,5/20/21,9/28/21,1011-7_09_28_2021_11_56_50.xls,NA,2452.83993,,NA
L163,2021,Newark,55&Friends,Maize,978-5,978,5,A,JR,5/20/21,9/28/21,978-5_09_28_2021_11_54_56.xls,NA,3621.532,,NA
L163,2020,Newark,55&Friends,Maize,133-2,133,2,A,jr,6/1/20,10/7/20,133-2_10_07_2020_13_31_17.xls,NA,2524.0112,,NA
L163,2020,Newark,55&Friends,Maize,133-3,133,3,A,jr,6/1/20,10/7/20,133-3_10_07_2020_13_33_05.xls,NA,2487.23031,,NA
L163,2021,Newark,55&Friends,Maize,1011-5,1011,5,A,JR,5/20/21,9/28/21,1011-5_09_28_2021_11_55_55.xls,NA,3797.45302,,NA
L163,2021,Newark,55&Friends,Maize,978-8,978,8,A,JR,5/20/21,9/28/21,978-8_09_28_2021_11_54_12.xls,NA,3939.74165,,NA
L163,2021,Newark,55&Friends,Maize,751-6,751,6,A,JR,5/20/21,9/27/21,751-6_09_27_2021_16_14_47.xls,NA,2539.09317,,NA
L163,2021,Newark,55&Friends,Maize,774-5,774,5,A,JR,5/20/21,9/27/21,774-5_09_27_2021_16_16_07.xls,NA,4092.23561,,NA
L163,2020,Newark,55&Friends,Maize,133-1,133,1,A,jr,6/1/20,10/7/20,133-1_10_07_2020_13_28_53.xls,NA,2978.72529,,NA
L163,2021,Newark,55&Friends,Maize,774-6,774,6,A,JR,5/20/21,9/27/21,774-6_09_27_2021_16_17_12.xls,NA,3216.69883,,NA
LH211,2021,Newark,55&Friends,Maize,1091-7,1091,7,A,JR,5/20/21,9/28/21,1091-7_09_28_2021_14_40_40.xls,NA,4380.66204,,NA
LH211,2021,Newark,55&Friends,Maize,775-4,775,4,A,JR,5/20/21,9/27/21,775-4_09_27_2021_16_21_38.xls,NA,1710.64518,,NA
LH211,2021,Newark,55&Friends,Maize,750-6,750,6,A,JR,5/20/21,9/27/21,750-6_09_27_2021_16_18_30.xls,NA,2847.99805,,NA
LH211,2021,Newark,55&Friends,Maize,1130-5,1130,5,A,JR,5/20/21,9/28/21,1130-5_09_28_2021_14_41_55.xls,NA,3519.63351,,NA
LH211,2021,Newark,55&Friends,Maize,1091-5,1091,5,A,JR,5/20/21,9/28/21,1091-5_09_28_2021_14_39_36.xls,NA,4675.88101,,NA
LH211,2021,Newark,55&Friends,Maize,775-7,775,7,A,JR,5/20/21,9/27/21,775-7_09_27_2021_16_22_47.xls,NA,1276.67032,,NA
LH211,2021,Newark,55&Friends,Maize,1130-12,1130,12,A,JR,5/20/21,9/28/21,1130-12_09_28_2021_14_43_06.xls,NA,2958.39114,,NA
LH211,2021,Newark,55&Friends,Maize,750-5,750,5,A,JR,5/20/21,9/27/21,750-5_09_27_2021_16_20_22.xls,NA,3440.04764,,NA
LH252,2021,Newark,55&Friends,Maize,749-4,749,4,A,JR,5/20/21,9/27/21,749-4_09_27_2021_16_25_35.xls,NA,1129.3573,,NA
LH252,2021,Newark,55&Friends,Maize,1097-3,1097,3,A,JR,5/20/21,9/28/21,1097-3_09_28_2021_14_13_36.xls,NA,2052.93555,,NA
LH252,2021,Newark,55&Friends,Maize,1124-9,1124,9,A,JR,5/20/21,9/28/21,1124-9_09_28_2021_14_16_04.xls,NA,3332.9439,,NA
LH252,2021,Newark,55&Friends,Maize,1124-6,1124,6,A,JR,5/20/21,9/28/21,1124-6_09_28_2021_14_14_51.xls,NA,2905.95108,,NA
LH252,2021,Newark,55&Friends,Maize,776-4,776,4,A,JR,5/20/21,9/27/21,776-4_09_27_2021_16_27_42.xls,NA,1909.05962,,NA
LH252,2021,Newark,55&Friends,Maize,749-2,749,2,A,JR,5/20/21,9/27/21,749-2_09_27_2021_16_24_25.xls,NA,1540.68395,,NA
LH252,2021,Newark,55&Friends,Maize,776-3,776,3,A,JR,5/20/21,9/27/21,776-3_09_27_2021_16_26_42.xls,NA,1694.17931,,NA
LH252,2021,Newark,55&Friends,Maize,1097-4,1097,4,A,JR,5/20/21,9/28/21,1097-4_09_28_2021_14_12_37.xls,NA,1019.72566,,NA
M162W,2021,Newark,55&Friends,Maize,883-3,883,3,A,JR,5/20/21,9/28/21,883-3_09_28_2021_10_28_15.xls,NA,2471.76237,,NA
M162W,2021,Newark,55&Friends,Maize,883-7,883,7,A,JR,5/20/21,9/28/21,883-7_09_28_2021_10_30_04.xls,NA,3706.03453,,NA
M162W,2021,Newark,55&Friends,Maize,664-7,664,7,A,JR,5/20/21,9/27/21,664-7_09_27_2021_13_55_54.xls,NA,2576.00967,,NA
M162W,2021,Newark,55&Friends,Maize,629-6,629,6,A,JR,5/20/21,9/27/21,629-6_09_27_2021_13_52_45.xls,NA,2635.32746,,NA
M162W,2021,Newark,55&Friends,Maize,664-5,664,5,A,JR,5/20/21,9/27/21,664-5_09_27_2021_13_54_56.xls,NA,3473.79996,,NA
M162W,2021,Newark,55&Friends,Maize,629-7,629,7,A,JR,5/20/21,9/27/21,629-7_09_27_2021_13_53_49.xls,NA,2523.5835,,NA
M162W,2021,Newark,55&Friends,Maize,883-6,883,6,A,JR,5/20/21,9/28/21,883-6_09_28_2021_10_29_11.xls,NA,2985.85163,,NA
M162W,2021,Newark,55&Friends,Maize,883-2,883,2,A,JR,5/20/21,9/28/21,883-2_09_28_2021_10_27_24.xls,NA,3149.46366,,NA
M37W,2021,Newark,55&Friends,Maize,517-5,517,5,A,JR,5/20/21,9/27/21,517-5_09_27_2021_13_00_40.xls,NA,2893.59864,,NA
M37W,2020,Newark,55&Friends,Maize,200-3,200,3,A,jr,6/1/20,10/7/20,200-3_10_07_2020_14_16_48.xls,NA,3649.56971,,NA
M37W,2021,Newark,55&Friends,Maize,517-3,517,3,A,JR,5/20/21,9/27/21,517-3_09_27_2021_12_59_27.xls,NA,5260.9955,,NA
M37W,2021,Newark,55&Friends,Maize,544-4,544,4,A,JR,5/20/21,9/27/21,544-4_09_27_2021_13_02_05.xls,NA,4671.24428,,NA
M37W,2021,Newark,55&Friends,Maize,544-6,544,6,A,JR,5/20/21,9/27/21,544-6_09_27_2021_13_03_12.xls,NA,3884.74939,,NA
M37W,2020,Newark,55&Friends,Maize,210-1,210,1,A,jr,6/1/20,10/7/20,210-1_10_07_2020_14_39_48.xls,NA,5065.5001,,NA
M37W,2021,Newark,55&Friends,Maize,866-3,866,3,A,JR,5/20/21,9/28/21,866-3_09_28_2021_11_00_43.xls,NA,4820.22114,,NA
M37W,2021,Newark,55&Friends,Maize,891-4,891,4,A,JR,5/20/21,9/28/21,891-4_09_28_2021_11_02_25.xls,NA,6253.3076,,NA
M37W,2020,Newark,55&Friends,Maize,210-3,210,3,A,jr,6/1/20,10/7/20,210-3_10_07_2020_14_43_47.xls,NA,2734.3295,,NA
M37W,2021,Newark,55&Friends,Maize,891-5,891,5,A,JR,5/20/21,9/28/21,891-5_09_28_2021_11_03_14.xls,NA,5098.4353,,NA
M37W,2021,Newark,55&Friends,Maize,866-5,866,5,A,JR,5/20/21,9/28/21,866-5_09_28_2021_11_01_28.xls,NA,3207.06201,,NA
M37W,2020,Newark,55&Friends,Maize,200-1,200,1,A,jr,6/1/20,10/7/20,200-1_10_07_2020_14_12_11.xls,NA,3953.60837,,NA
M37W,2020,Newark,55&Friends,Maize,210-2,210,2,A,jr,6/1/20,10/7/20,210-2_10_07_2020_14_41_56.xls,NA,6066.5624,,NA
M37W,2020,Newark,55&Friends,Maize,200-2,200,2,A,jr,6/1/20,10/7/20,200-2_10_07_2020_14_14_36.xls,NA,5191.63928,,NA
Mo17,2021,Newark,55&Friends,Maize,773-4,773,4,A,JR,5/20/21,9/27/21,773-4_09_27_2021_16_11_43.xls,NA,1736.29062,,NA
Mo17,2020,Newark,55&Friends,Maize,172-3,172,3,A,jr,6/1/20,10/7/20,172-3_10_07_2020_14_02_46.xls,NA,1115.78435,,NA
Mo17,2021,Newark,55&Friends,Maize,1098-5,1098,5,A,JR,5/20/21,9/28/21,1098-5_09_28_2021_14_09_43.xls,NA,1815.8452,,NA
Mo17,2021,Newark,55&Friends,Maize,1123-3,1123,3,A,JR,5/20/21,9/28/21,1123-3_09_28_2021_14_10_47.xls,NA,1275.6098,,NA
Mo17,2020,Newark,55&Friends,Maize,172-2,172,2,A,jr,6/1/20,10/7/20,172-2_10_07_2020_14_01_02.xls,NA,1788.26301,,NA
Mo17,2021,Newark,55&Friends,Maize,752-6,752,6,A,JR,5/20/21,9/27/21,752-6_09_27_2021_16_10_31.xls,NA,3048.84125,,NA
Mo17,2021,Newark,55&Friends,Maize,1123-6,1123,6,A,JR,5/20/21,9/28/21,1123-6_09_28_2021_14_11_39.xls,NA,1263.34081,,NA
Mo17,2021,Newark,55&Friends,Maize,773-10,773,10,A,JR,5/20/21,9/27/21,773-10_09_27_2021_16_12_49.xls,NA,1833.94183,,NA
Mo17,2020,Newark,55&Friends,Maize,172-1,172,1,A,jr,6/1/20,10/7/20,172-1_10_07_2020_13_58_51.xls,NA,1839.34352,,NA
Mo17,2021,Newark,55&Friends,Maize,1098-4,1098,4,A,JR,5/20/21,9/28/21,1098-4_09_28_2021_14_08_26.xls,NA,2311.98039,,NA
Mo17,2021,Newark,55&Friends,Maize,752-4,752,4,A,JR,5/20/21,9/27/21,752-4_09_27_2021_16_09_35.xls,NA,2306.57,,NA
Mo18W,2021,Newark,55&Friends,Maize,994-7,994,7,A,JR,5/20/21,9/28/21,994-7_09_28_2021_13_01_16.xls,NA,7115.57398,,NA
Mo18W,2021,Newark,55&Friends,Maize,539-6,539,6,A,JR,5/20/21,9/27/21,539-6_09_27_2021_12_36_58.xls,NA,4676.89459,,NA
Mo18W,2021,Newark,55&Friends,Maize,522-4,522,4,A,JR,5/20/21,9/27/21,522-4_09_27_2021_12_33_38.xls,NA,6403.55709,,NA
Mo18W,2021,Newark,55&Friends,Maize,522-5,522,5,A,JR,5/20/21,9/27/21,522-5_09_27_2021_12_34_36.xls,NA,5501.00836,,NA
Mo18W,2021,Newark,55&Friends,Maize,994-6,994,6,A,JR,5/20/21,9/28/21,994-6_09_28_2021_13_00_26.xls,NA,6282.2024,,NA
Mo18W,2021,Newark,55&Friends,Maize,539-5,539,5,A,JR,5/20/21,9/27/21,539-5_09_27_2021_12_35_45.xls,NA,5605.34432,,NA
Mo18W,2021,Newark,55&Friends,Maize,995-10,995,10,A,JR,5/20/21,9/28/21,995-10_09_28_2021_13_03_04.xls,NA,6146.86451,,NA
Mo18W,2021,Newark,55&Friends,Maize,995-8,995,8,A,JR,5/20/21,9/28/21,995-8_09_28_2021_13_02_13.xls,NA,7849.60969,,NA
Ms71,2021,Newark,55&Friends,Maize,1109-5,1109,5,A,JR,5/20/21,9/28/21,1109-5_09_28_2021_13_26_39.xls,NA,2850.76583,,NA
Ms71,2021,Newark,55&Friends,Maize,1112-4,1112,4,A,JR,5/20/21,9/28/21,1112-4_09_28_2021_13_28_50.xls,NA,2361.00419,,NA
Ms71,2021,Newark,55&Friends,Maize,1112-6,1112,6,A,JR,5/20/21,9/28/21,1112-6_09_28_2021_13_29_41.xls,NA,2305.90935,,NA
Ms71,2021,Newark,55&Friends,Maize,747-2,747,2,A,JR,5/20/21,9/27/21,747-2_09_27_2021_16_29_21.xls,NA,2496.56114,,NA
Ms71,2021,Newark,55&Friends,Maize,1109-6,1109,6,A,JR,5/20/21,9/28/21,1109-6_09_28_2021_13_27_22.xls,NA,2519.3849,,NA
Ms71,2021,Newark,55&Friends,Maize,778-5,778,5,A,JR,5/20/21,9/27/21,778-5_09_27_2021_16_33_28.xls,NA,2142.64852,,NA
Ms71,2021,Newark,55&Friends,Maize,778-4,778,4,A,JR,5/20/21,9/27/21,778-4_09_27_2021_16_31_26.xls,NA,3537.74579,,NA
Ms71,2021,Newark,55&Friends,Maize,747-5,747,5,A,JR,5/20/21,9/27/21,747-5_09_27_2021_16_30_21.xls,NA,1687.51891,,NA
NC262,2020,Newark,55&Friends,Maize,103-1,103,1,A,jr,6/1/20,10/7/20,103-1_10_07_2020_13_21_41.xls,NA,3921.0487,,NA
NC262,2021,Newark,55&Friends,Maize,653-7,653,7,A,JR,5/20/21,9/27/21,653-7_09_27_2021_14_42_49.xls,NA,3203.63532,,NA
NC262,2021,Newark,55&Friends,Maize,640-5,640,5,A,JR,5/20/21,9/27/21,640-5_09_27_2021_14_40_37.xls,NA,3224.70836,,NA
NC262,2021,Newark,55&Friends,Maize,1004-3,1004,3,A,JR,5/20/21,9/28/21,1004-3_09_28_2021_12_26_07.xls,NA,3771.3416,,NA
NC262,2021,Newark,55&Friends,Maize,653-10,653,10,A,JR,5/20/21,9/27/21,653-10_09_27_2021_14_44_09.xls,NA,3534.15567,,NA
NC262,2021,Newark,55&Friends,Maize,640-8,640,8,A,JR,5/20/21,9/27/21,640-8_09_27_2021_14_41_38.xls,NA,4131.83818,,NA
NC262,2021,Newark,55&Friends,Maize,1004-4,1004,4,A,JR,5/20/21,9/28/21,1004-4_09_28_2021_12_26_52.xls,NA,4025.72715,,NA
NC262,2021,Newark,55&Friends,Maize,985-4,985,4,A,JR,5/20/21,9/28/21,985-4_09_28_2021_12_25_05.xls,NA,4461.6301,,NA
NC262,2020,Newark,55&Friends,Maize,103-2,103,2,A,jr,6/1/20,10/7/20,103-2_10_07_2020_13_24_03.xls,NA,2463.83108,,NA
NC262,2021,Newark,55&Friends,Maize,985-3,985,3,A,JR,5/20/21,9/28/21,985-3_09_28_2021_12_24_10.xls,NA,4290,,NA
NC262,2020,Newark,55&Friends,Maize,103-3,103,3,A,jr,6/1/20,10/7/20,103-3_10_07_2020_13_26_11.xls,NA,2231.17926,,NA
NC350,2021,Newark,55&Friends,Maize,1101-11,1101,11,A,JR,5/20/21,9/28/21,1101-11_09_28_2021_13_56_54.xls,NA,2154.1595,,NA
NC350,2021,Newark,55&Friends,Maize,759-7,759,7,A,JR,5/20/21,9/27/21,759-7_09_27_2021_15_47_15.xls,NA,3961.28931,,NA
NC350,2021,Newark,55&Friends,Maize,759-8,759,8,A,JR,5/20/21,9/27/21,759-8_09_27_2021_15_48_09.xls,NA,3223.50875,,NA
NC350,2021,Newark,55&Friends,Maize,766-7,766,7,A,JR,5/20/21,9/27/21,766-7_09_27_2021_15_50_21.xls,NA,2741.075,,NA
NC350,2020,Newark,55&Friends,Maize,217-2,217,2,A,jr,6/1/20,10/7/20,217-2_10_07_2020_15_12_29.xls,NA,1708.55196,,NA
NC350,2021,Newark,55&Friends,Maize,1101-10,1101,10,A,JR,5/20/21,9/28/21,1101-10_09_28_2021_13_56_14.xls,NA,2788.80718,,NA
NC350,2021,Newark,55&Friends,Maize,1120-13,1120,13,A,JR,5/20/21,9/28/21,1120-13_09_28_2021_13_57_51.xls,NA,2117.85323,,NA
NC350,2021,Newark,55&Friends,Maize,1120-10,1120,10,A,JR,5/20/21,9/28/21,1120-10_09_28_2021_13_58_38.xls,NA,2084.3217,,NA
NC350,2020,Newark,55&Friends,Maize,217-1,217,1,A,jr,6/1/20,10/7/20,217-1_10_07_2020_15_09_53.xls,NA,2082.8491,,NA
NC350,2021,Newark,55&Friends,Maize,766-5,766,5,A,JR,5/20/21,9/27/21,766-5_09_27_2021_15_49_15.xls,NA,2800.31468,,NA
Oh43,2021,Newark,55&Friends,Maize,666-7,666,7,A,JR,5/20/21,9/27/21,666-7_09_27_2021_13_46_49.xls,NA,3374.36325,,NA
Oh43,2021,Newark,55&Friends,Maize,627-2,627,2,A,JR,5/20/21,9/27/21,627-2_09_27_2021_13_44_37.xls,NA,2915.7774,,NA
Oh43,2021,Newark,55&Friends,Maize,974-5,974,5,A,JR,5/20/21,9/28/21,974-5_09_28_2021_11_38_24.xls,NA,4689.94245,,NA
Oh43,2021,Newark,55&Friends,Maize,627-1,627,1,A,JR,5/20/21,9/27/21,627-1_09_27_2021_13_43_34.xls,NA,2282.16068,,NA
Oh43,2021,Newark,55&Friends,Maize,1015-3,1015,3,A,JR,5/20/21,9/28/21,1015-3_09_28_2021_11_41_13.xls,NA,2873.20711,,NA
Oh43,2021,Newark,55&Friends,Maize,666-6,666,6,A,JR,5/20/21,9/27/21,666-6_09_27_2021_13_45_48.xls,NA,3632.66573,,NA
Oh43,2021,Newark,55&Friends,Maize,1015-2,1015,2,A,JR,5/20/21,9/28/21,1015-2_09_28_2021_11_40_16.xls,NA,2990.16499,,NA
Oh43,2021,Newark,55&Friends,Maize,974-6,974,6,A,JR,5/20/21,9/28/21,974-6_09_28_2021_11_39_21.xls,NA,3408.24423,,NA
PHB47,2021,Newark,55&Friends,Maize,514-3,514,3,A,JR,5/20/21,9/27/21,514-3_09_27_2021_13_15_11.xls,NA,2534.21304,,NA
PHB47,2021,Newark,55&Friends,Maize,890-7,890,7,A,JR,5/20/21,9/28/21,890-7_09_28_2021_10_58_49.xls,NA,3280.43429,,NA
PHB47,2021,Newark,55&Friends,Maize,547-7,547,7,A,JR,5/20/21,9/27/21,547-7_09_27_2021_13_17_31.xls,NA,2807.70354,,NA
PHB47,2020,Newark,55&Friends,Maize,199-3,199,3,A,jr,6/1/20,10/7/20,199-3_10_07_2020_14_09_30.xls,NA,2287.02168,,NA
PHB47,2021,Newark,55&Friends,Maize,890-8,890,8,A,JR,5/20/21,9/28/21,890-8_09_28_2021_10_59_39.xls,NA,2371.24602,,NA
PHB47,2021,Newark,55&Friends,Maize,867-4,867,4,A,JR,5/20/21,9/28/21,867-4_09_28_2021_10_57_50.xls,NA,3050.35553,,NA
PHB47,2020,Newark,55&Friends,Maize,199-1,199,1,A,jr,6/1/20,10/7/20,199-1_10_07_2020_14_05_42.xls,NA,1298.78649,,NA
PHB47,2021,Newark,55&Friends,Maize,867-5,867,5,A,JR,5/20/21,9/28/21,867-5_09_28_2021_10_56_56.xls,NA,3329.44071,,NA
PHB47,2021,Newark,55&Friends,Maize,514-4,514,4,A,JR,5/20/21,9/27/21,514-4_09_27_2021_13_14_14.xls,NA,3859.34387,,NA
PHB47,2021,Newark,55&Friends,Maize,547-4,547,4,A,JR,5/20/21,9/27/21,547-4_09_27_2021_13_16_24.xls,NA,2776.5747,,NA
PHB47,2020,Newark,55&Friends,Maize,199-2,199,2,A,jr,6/1/20,10/7/20,199-2_10_07_2020_14_07_42.xls,NA,2474.1894,,NA
PHHB4,2021,Newark,55&Friends,Maize,513-5,513,5,A,JR,5/20/21,9/27/21,513-5_09_27_2021_13_19_38.xls,NA,3437.71449,,NA
PHHB4,2021,Newark,55&Friends,Maize,980-7,980,7,A,JR,5/20/21,9/28/21,980-7_09_28_2021_12_03_01.xls,NA,3775.96968,,NA
PHHB4,2021,Newark,55&Friends,Maize,1009-6,1009,6,A,JR,5/20/21,9/28/21,1009-6_09_28_2021_12_04_51.xls,NA,3606.31444,,NA
PHHB4,2021,Newark,55&Friends,Maize,548-6,548,6,A,JR,5/20/21,9/27/21,548-6_09_27_2021_13_21_53.xls,NA,3955.33302,,NA
PHHB4,2021,Newark,55&Friends,Maize,513-4,513,4,A,JR,5/20/21,9/27/21,513-4_09_27_2021_13_18_40.xls,NA,4422.42042,,NA
PHHB4,2021,Newark,55&Friends,Maize,548-5,548,5,A,JR,5/20/21,9/27/21,548-5_09_27_2021_13_20_51.xls,NA,3648.48659,,NA
PHHB4,2021,Newark,55&Friends,Maize,1009-5,1009,5,A,JR,5/20/21,9/28/21,1009-5_09_28_2021_12_04_03.xls,NA,2409.53946,,NA
PHHB4,2021,Newark,55&Friends,Maize,980-6,980,6,A,JR,5/20/21,9/28/21,980-6_09_28_2021_12_02_18.xls,NA,3527.80299,,NA
PHK46,2020,Newark,55&Friends,Maize,207-3,207,3,A,jr,6/1/20,10/7/20,207-3_10_07_2020_14_37_08.xls,NA,2748.61003,,NA
PHK46,2021,Newark,55&Friends,Maize,876-2,876,2,A,JR,5/20/21,9/28/21,876-2_09_28_2021_10_18_12.xls,NA,3401.88807,,NA
PHK46,2020,Newark,55&Friends,Maize,139-3,139,3,A,jr,6/1/20,10/7/20,139-3_10_07_2020_13_46_00.xls,NA,2103.59186,,NA
PHK46,2020,Newark,55&Friends,Maize,139-1,139,1,A,jr,6/1/20,10/7/20,139-1_10_07_2020_13_41_54.xls,NA,1690.65352,,NA
PHK46,2020,Newark,55&Friends,Maize,207-1,207,1,A,jr,6/1/20,10/7/20,207-1_10_07_2020_14_31_18.xls,NA,2129.05649,,NA
PHK46,2020,Newark,55&Friends,Maize,207-2,207,2,A,jr,6/1/20,10/7/20,207-2_10_07_2020_14_34_35.xls,NA,2033.841,,NA
PHK46,2020,Newark,55&Friends,Maize,139-2,139,2,A,jr,6/1/20,10/7/20,139-2_10_07_2020_13_44_10.xls,NA,1622.104,,NA
PHK46,2021,Newark,55&Friends,Maize,520-8,520,8,A,JR,5/20/21,9/27/21,520-8 _09_27_2021_12_44_51.xls,NA,3059.80285,,NA
PHK46,2021,Newark,55&Friends,Maize,520-7,520,7,A,JR,5/20/21,9/27/21,520-7_09_27_2021_12_43_40.xls,NA,3326.83287,,NA
PHK46,2021,Newark,55&Friends,Maize,876-4,876,4,A,JR,5/20/21,9/28/21,876-4_09_28_2021_10_19_11.xls,NA,2524.11377,,NA
PHK46,2021,Newark,55&Friends,Maize,881-6,881,6,A,JR,5/20/21,9/28/21,881-6_09_28_2021_10_21_29.xls,NA,2579.1043,,NA
PHK46,2021,Newark,55&Friends,Maize,541-8,541,8,A,JR,5/20/21,9/27/21,541-8_09_27_2021_12_47_23.xls,NA,2627.6187,,NA
PHK46,2021,Newark,55&Friends,Maize,881-3,881,3,A,JR,5/20/21,9/28/21,881-3_09_28_2021_10_20_27.xls,NA,3099.3011,,NA
PHK46,2021,Newark,55&Friends,Maize,541-6,541,6,A,JR,5/20/21,9/27/21,541-6_09_27_2021_12_46_11.xls,NA,2843.91245,,NA
PHR58,2021,Newark,55&Friends,Maize,546-6,546,6,A,JR,5/20/21,9/27/21,546-6_09_27_2021_13_11_58.xls,NA,2855.41126,,NA
PHR58,2021,Newark,55&Friends,Maize,862-4,862,4,A,JR,5/20/21,9/28/21,862-4_09_28_2021_11_17_39.xls,NA,3208.79014,,NA
PHR58,2021,Newark,55&Friends,Maize,895-8,895,8,A,JR,5/20/21,9/28/21,895-8_09_28_2021_11_19_42.xls,NA,2789.65733,,NA
PHR58,2021,Newark,55&Friends,Maize,515-4,515,4,A,JR,5/20/21,9/27/21,515-4_09_27_2021_13_09_54.xls,NA,3329.59196,,NA
PHR58,2021,Newark,55&Friends,Maize,895-5,895,5,A,JR,5/20/21,9/28/21,895-5_09_28_2021_11_20_46.xls,NA,2418.51214,,NA
PHR58,2021,Newark,55&Friends,Maize,546-8,546,8,A,JR,5/20/21,9/27/21,546-8_09_27_2021_13_13_02.xls,NA,4687.93094,,NA
PHR58,2021,Newark,55&Friends,Maize,515-5,515,5,A,JR,5/20/21,9/27/21,515-5_09_27_2021_13_10_54.xls,NA,4765.6305,,NA
PHR58,2021,Newark,55&Friends,Maize,862-7,862,7,A,JR,5/20/21,9/28/21,862-7_09_28_2021_11_18_37.xls,NA,2641.0334,,NA
PHT60,2021,Newark,55&Friends,Maize,1002-8,1002,8,A,JR,5/20/21,9/28/21,1002-8_09_28_2021_12_31_25.xls,NA,2184.59466,,NA
PHT60,2021,Newark,55&Friends,Maize,987-6,987,6,A,JR,5/20/21,9/28/21,987-6_09_28_2021_12_28_10.xls,NA,4654.34204,,NA
PHT60,2020,Newark,55&Friends,Maize,201-2,201,2,A,jr,6/1/20,10/7/20,201-2_10_07_2020_14_20_59.xls,NA,2439.28789,,NA
PHT60,2021,Newark,55&Friends,Maize,1002-6,1002,6,A,JR,5/20/21,9/28/21,1002-6_09_28_2021_12_30_24.xls,NA,2249.1559,,NA
PHT60,2020,Newark,55&Friends,Maize,201-3,201,3,A,jr,6/1/20,10/7/20,201-3_10_07_2020_14_22_58.xls,NA,2949.89482,,NA
PHT60,2021,Newark,55&Friends,Maize,665-10,665,10,A,JR,5/20/21,9/27/21,665-10_09_27_2021_13_51_27.xls,NA,2581.04452,,NA
PHT60,2021,Newark,55&Friends,Maize,628-6,628,6,A,JR,5/20/21,9/27/21,628-6_09_27_2021_13_48_13.xls,NA,2083.4872,,NA
PHT60,2021,Newark,55&Friends,Maize,987-7,987,7,A,JR,5/20/21,9/28/21,987-7_09_28_2021_12_28_59.xls,NA,4388.66114,,NA
PHT60,2021,Newark,55&Friends,Maize,628-5,628,5,A,JR,5/20/21,9/27/21,628-5_09_27_2021_13_49_12.xls,NA,1911.82913,,NA
PHT60,2020,Newark,55&Friends,Maize,201-1,201,1,A,jr,6/1/20,10/7/20,201-1_10_07_2020_14_19_15.xls,NA,2866.54149,,NA
PHT60,2021,Newark,55&Friends,Maize,665-8,665,8,A,JR,5/20/21,9/27/21,665-8_09_27_2021_13_50_22.xls,NA,3726.27653,,NA
R78,2021,Newark,55&Friends,Maize,626-8,626,8,A,JR,5/20/21,9/27/21,626-8_09_27_2021_13_38_44.xls,NA,2188.17782,,NA
R78,2021,Newark,55&Friends,Maize,626-7,626,7,A,JR,5/20/21,9/27/21,626-7_09_27_2021_13_40_00.xls,NA,1681.09668,,NA
R78,2021,Newark,55&Friends,Maize,988-9,988,9,A,JR,5/20/21,9/28/21,988-9_09_28_2021_12_33_36.xls,NA,1931.35138,,NA
R78,2021,Newark,55&Friends,Maize,988-10,988,10,A,JR,5/20/21,9/28/21,988-10_09_28_2021_12_32_47.xls,NA,2346.71152,,NA
R78,2021,Newark,55&Friends,Maize,1001-2,1001,2,A,JR,5/20/21,9/28/21,1001-2_09_28_2021_12_36_40.xls,NA,3275.31424,,NA
R78,2021,Newark,55&Friends,Maize,667-9,667,9,A,JR,5/20/21,9/27/21,667-9_09_27_2021_13_42_05.xls,NA,1533.98181,,NA
R78,2021,Newark,55&Friends,Maize,667-10,667,10,A,JR,5/20/21,9/27/21,667-10_09_27_2021_13_41_05.xls,NA,2218.93114,,NA
R84,2021,Newark,55&Friends,Maize,979-3,979,3,A,JR,5/20/21,9/28/21,979-3_09_28_2021_11_59_06.xls,NA,3270,,NA
R84,2021,Newark,55&Friends,Maize,979-4,979,4,A,JR,5/20/21,9/28/21,979-4_09_28_2021_11_58_11.xls,NA,2119.6735,,NA
R84,2021,Newark,55&Friends,Maize,1010-4,1010,4,A,JR,5/20/21,9/28/21,1010-4_09_28_2021_12_00_12.xls,NA,2226.09399,,NA
R84,2021,Newark,55&Friends,Maize,1010-6,1010,6,A,JR,5/20/21,9/28/21,1010-6_09_28_2021_12_01_00.xls,NA,2306.36659,,NA
SA24,2021,Newark,55&Friends,Maize,1095-4,1095,4,A,JR,5/20/21,9/28/21,1095-4_09_28_2021_14_21_50.xls,NA,5123.66001,,NA
SA24,2021,Newark,55&Friends,Maize,1126-7,1126,7,A,JR,5/20/21,9/28/21,1126-7_09_28_2021_14_24_42.xls,NA,5183.5654,,NA
SA24,2021,Newark,55&Friends,Maize,1126-5,1126,5,A,JR,5/20/21,9/28/21,1126-5_09_28_2021_14_23_40.xls,NA,3152.25404,,NA
SA24,2021,Newark,55&Friends,Maize,769-7,769,7,A,JR,5/20/21,9/27/21,769-7_09_27_2021_16_02_57.xls,NA,3181.4739,,NA
SA24,2021,Newark,55&Friends,Maize,1095-3,1095,3,A,JR,5/20/21,9/28/21,1095-3_09_28_2021_14_22_38.xls,NA,2971.93449,,NA
SA24,2021,Newark,55&Friends,Maize,756-6,756,6,A,JR,5/20/21,9/27/21,756-6_09_27_2021_16_01_07.xls,NA,1967.75848,,NA
SA24,2021,Newark,55&Friends,Maize,769-6,769,6,A,JR,5/20/21,9/27/21,769-6_09_27_2021_16_02_15.xls,NA,3151.6212,,NA
SA24,2021,Newark,55&Friends,Maize,756-2,756,2,A,JR,5/20/21,9/27/21,756-2_09_27_2021_16_00_00.xls,NA,2623.84951,,NA
Shoe Peg,2021,Newark,55&Friends,Maize,657-4,657,4,A,JR,5/20/21,9/27/21,657-4_09_27_2021_14_24_36.xls,NA,3189.89377,,NA
Shoe Peg,2021,Newark,55&Friends,Maize,878-2,878,2,A,JR,5/20/21,9/28/21,878-2_09_28_2021_10_10_30.xls,NA,3836.10807,,NA
Shoe Peg,2021,Newark,55&Friends,Maize,878-4,878,4,A,JR,5/20/21,9/28/21,878-4_09_28_2021_10_11_23.xls,NA,4117.51247,,NA
Shoe Peg,2021,Newark,55&Friends,Maize,879-4,879,4,A,JR,5/20/21,9/28/21,879-4_09_28_2021_10_13_20.xls,NA,3422.48127,,NA
Shoe Peg,2021,Newark,55&Friends,Maize,879-3,879,3,A,JR,5/20/21,9/28/21,879-3_09_28_2021_10_12_22.xls,NA,2348.29708,,NA
Shoe Peg,2021,Newark,55&Friends,Maize,657-6,657,6,A,JR,5/20/21,9/27/21,657-6_09_27_2021_14_23_29.xls,NA,5852.90252,,NA
Shoe Peg,2021,Newark,55&Friends,Maize,636-7,636,7,A,JR,5/20/21,9/27/21,636-7_09_27_2021_14_21_35.xls,NA,2580.43603,,NA
Shoe Peg,2021,Newark,55&Friends,Maize,636-9,636,9,A,JR,5/20/21,9/27/21,636-9_09_27_2021_14_22_29.xls,NA,1420.82095,,NA
Tx303,2021,Newark,55&Friends,Maize,991-5,991,5,A,JR,5/20/21,9/28/21,991-5_09_28_2021_12_46_58.xls,NA,1833.83404,,NA
Tx303,2021,Newark,55&Friends,Maize,998-6,998,6,A,JR,5/20/21,9/28/21,998-6_09_28_2021_12_48_58.xls,NA,7413.39036,,NA
Tx303,2021,Newark,55&Friends,Maize,650-3,650,3,A,JR,5/20/21,9/27/21,650-3_09_27_2021_14_56_42.xls,NA,3333.35941,,NA
Tx303,2021,Newark,55&Friends,Maize,643-4,643,4,A,JR,5/20/21,9/27/21,643-4_09_27_2021_14_54_38.xls,NA,2115.29582,,NA
Tx303,2021,Newark,55&Friends,Maize,991-8,991,8,A,JR,5/20/21,9/28/21,991-8_09_28_2021_12_47_50.xls,NA,2144.77999,,NA
Tx303,2021,Newark,55&Friends,Maize,998-8,998,8,A,JR,5/20/21,9/28/21,998-8_09_28_2021_12_49_51.xls,NA,4000.17559,,NA
Tx303,2021,Newark,55&Friends,Maize,643-5,643,5,A,JR,5/20/21,9/27/21,643-5_09_27_2021_14_55_35.xls,NA,2172.5917,,NA
Tx303,2021,Newark,55&Friends,Maize,650-2,650,2,A,JR,5/20/21,9/27/21,650-2_09_27_2021_14_57_40.xls,NA,4657.38104,,NA
Tzi8,2021,Newark,55&Friends,Maize,1092-3,1092,3,A,JR,5/20/21,9/28/21,1092-3_09_28_2021_14_34_25.xls,NA,5439.68428,,NA
Tzi8,2021,Newark,55&Friends,Maize,1129-4,1129,4,A,JR,5/20/21,9/28/21,1129-4_09_28_2021_14_37_20.xls,NA,6498.78997,,NA
Tzi8,2021,Newark,55&Friends,Maize,754-4,754,4,A,JR,5/20/21,9/27/21,754-4_09_27_2021_16_04_13.xls,NA,1678.60185,,NA
Tzi8,2021,Newark,55&Friends,Maize,1092-6,1092,6,A,JR,5/20/21,9/28/21,1092-6_09_28_2021_14_36_25.xls,NA,3148.43965,,NA
Tzi8,2021,Newark,55&Friends,Maize,771-6,771,6,A,JR,5/20/21,9/27/21,771-6_09_27_2021_16_06_33.xls,NA,5907.70702,,NA
Tzi8,2021,Newark,55&Friends,Maize,1129-6,1129,6,A,JR,5/20/21,9/28/21,1129-6_09_28_2021_14_38_22.xls,NA,4064.84118,,NA
Tzi8,2021,Newark,55&Friends,Maize,754-8,754,8,A,JR,5/20/21,9/27/21,754-8_09_27_2021_16_05_17.xls,NA,4039.74165,,NA
Tzi8,2021,Newark,55&Friends,Maize,771-5,771,5,A,JR,5/20/21,9/27/21,771-5_09_27_2021_16_07_50.xls,NA,7320.0838,,NA
W64A,2021,Newark,55&Friends,Maize,869-6,869,6,A,JR,5/20/21,9/28/21,869-6_09_28_2021_10_49_24.xls,NA,2120.81747,,NA
W64A,2021,Newark,55&Friends,Maize,512-4,512,4,A,JR,5/20/21,9/27/21,512-4_09_27_2021_13_24_46.xls,NA,1377.08236,,NA
W64A,2021,Newark,55&Friends,Maize,549-6,549,6,A,JR,5/20/21,9/27/21,549-6_09_27_2021_13_26_47.xls,NA,1281.42701,,NA
W64A,2021,Newark,55&Friends,Maize,888-11,888,11,A,JR,5/20/21,9/28/21,888-11_09_28_2021_10_51_42.xls,NA,2316.86052,,NA
W64A,2021,Newark,55&Friends,Maize,512-3,512,3,A,JR,5/20/21,9/27/21,512-3_09_27_2021_13_23_45.xls,NA,1237.39112,,NA
W64A,2021,Newark,55&Friends,Maize,869-5,869,5,A,JR,5/20/21,9/28/21,869-5_09_28_2021_10_48_38.xls,NA,1563.04004,,NA
W64A,2021,Newark,55&Friends,Maize,888-9,888,9,A,JR,5/20/21,9/28/21,888-9_09_28_2021_10_50_42.xls,NA,1160.5626,,NA
W64A,2021,Newark,55&Friends,Maize,549-5,549,5,A,JR,5/20/21,9/27/21,549-5_09_27_2021_13_25_51.xls,NA,2311.5249,,NA
